{
	"class_name" : "PinholeCameraParameters",
	"extrinsic" : 
	[
		0.78988070515016329,
		0.14614301601054078,
		-0.59559272200290014,
		0.0,
		-0.19480742781803773,
		-0.86109410110363771,
		-0.46964562716098857,
		0.0,
		-0.58149680798642489,
		0.4869899053531408,
		-0.65169187073780355,
		0.0,
		-3.3295755857684628e-05,
		2.8517774700736326e-05,
		0.079429898877283606,
		1.0
	],
	"intrinsic" : 
	{
		"height" : 1061,
		"intrinsic_matrix" : 
		[
			918.85295341528945,
			0.0,
			0.0,
			0.0,
			918.85295341528945,
			0.0,
			959.5,
			530.0,
			1.0
		],
		"width" : 1920
	},
	"version_major" : 1,
	"version_minor" : 0
}